truesight_event_id,object_class,object_name,host,creation_time,severity,notification_group,reason
58892022,CHECK_NON_EVENT,IU_NON_EVE,mpzhlunis01,2026-04-23T11:21:01+00:00,CRITICAL,1131,No BHOM candidate found with overlapping key fields.
58893362,CHECK_NON_EVENT,IU_NON_EVE,mpzhlunis01,2026-04-23T11:51:01+00:00,CRITICAL,1131,No BHOM candidate found with overlapping key fields.
58890286,CONTROLM_Enterprise_Manager,Alert_id653870,mqmalarca10,2026-04-23T11:00:02+00:00,CRITICAL,2003,No BHOM candidate found with overlapping key fields.
58891030,CONTROLM_Enterprise_Manager,Alert_id653871,mqmalarca10,2026-04-23T11:10:04+00:00,CRITICAL,2003,No BHOM candidate found with overlapping key fields.
58891961,CONTROLM_Enterprise_Manager,Alert_id653873,mqmalarca10,2026-04-23T11:20:01+00:00,CRITICAL,2003,No BHOM candidate found with overlapping key fields.
58892396,CONTROLM_Enterprise_Manager,Alert_id653875,mqmalarca10,2026-04-23T11:30:00+00:00,CRITICAL,2003,No BHOM candidate found with overlapping key fields.
58892836,CONTROLM_Enterprise_Manager,Alert_id653878,mqmalarca10,2026-04-23T11:40:01+00:00,CRITICAL,2003,No BHOM candidate found with overlapping key fields.
58893335,CONTROLM_Enterprise_Manager,Alert_id653879,mqmalarca10,2026-04-23T11:50:01+00:00,CRITICAL,2003,No BHOM candidate found with overlapping key fields.
58891914,HTTP-create_event_json,,sysp,2026-04-23T11:19:12+00:00,CRITICAL,1405,No BHOM candidate found with overlapping key fields.
58891915,HTTP-create_event_json,,sysp,2026-04-23T11:19:13+00:00,CRITICAL,1405,No BHOM candidate found with overlapping key fields.
58893293,MANUAL_EVENT,13553456,mpzhlixdb02,2026-04-23T11:49:26+00:00,CRITICAL,1714,No BHOM candidate found with overlapping key fields.
58890613,MANUAL_EVENT,3557456,mqzhlscmmf01,2026-04-23T11:04:24+00:00,CRITICAL,11110,No BHOM candidate found with overlapping key fields.
58892571,NUK_FileSystem,home-tpsrm,mtzhlsrm01,2026-04-23T11:33:22+00:00,CRITICAL,2003,No BHOM candidate found with overlapping key fields.
58893004,NUK_FileSystem,home-tpsrm,mtzhlsrm01,2026-04-23T11:43:22+00:00,CRITICAL,2003,No BHOM candidate found with overlapping key fields.
58891726,SCOM_CONNECT,MPMTWSNIF01.domain01.telekurs.com,mpmtwsnif01,2026-04-23T11:15:17+00:00,CRITICAL,2016,No BHOM candidate found with overlapping key fields.
58890489,WH_POSTGRES,,mqzhlsfd01,2026-04-23T11:02:50+00:00,CRITICAL,2001,No BHOM candidate found with overlapping key fields.
58891711,WH_POSTGRES,,mtzhlvaf01,2026-04-23T11:14:54+00:00,CRITICAL,2001,No BHOM candidate found with overlapping key fields.
